item,itemLabel,startDate,endDate
Q99395240,Felix Gordon Veitch,1945-01-01,1947
,Clement Mullings Aitchison,1947,1950
Q339040,Clifford Campbell,1950,1955
,Burnet Birthwright (BB) Coke,1955,1962
Q7673897,Tacius Golding,1962,1967
Q5407137,Eugene Condell Leonard Parkinson,1967,1972
Q2154610,Ripton MacPherson,1972-02,1980-10
Q7678999,Talbert Monsell Forrest,1980,1983
Q4737630,Alva Ross,1983,1989
Q5689835,Headly Cunningham,1989,1993
Q5040525,Carl Marshall,1993,1997
Q7933270,Violet Nielson,1997,2003
Q17325174,Michael Peart,2003,2007
Q1184742,Delroy Chuck,2007-09-27,2011-07-13
Q99478706,Marisa Dalrymple-Philibert,2011-07-13,2011-12-12
Q17325174,Michael Peart,2012-01-17,2016-02-05
Q2065916,Pearnel Charles,2016-03-10,2020-08-11
Q99478706,Marisa Dalrymple-Philibert,2020-09-15,
